3.112189,-0.001641
3.112189,-0.001640
3.112189,-0.001640
3.112189,-0.001638
3.116409,-0.001642
3.128177,0.060575
3.094119,0.121629
3.103360,0.184341
3.115455,0.247843
3.122993,0.311564
3.161013,0.379523
3.216460,0.451792
3.278869,0.527812
3.498834,0.635441
0.903414,1.295354
0.812342,1.216040
0.762157,1.191992
0.721632,1.180099
0.678212,1.160771
0.639542,1.146792
0.608720,1.144907
0.585580,1.156756
0.556170,1.155613
0.518918,1.135966
0.495947,1.145941
0.471503,1.152317
0.450072,1.166136
0.420011,1.156784
0.397557,1.167400
0.374921,1.177827
0.349427,1.179043
0.324936,1.182977
0.304962,1.204314
0.280048,1.207172
0.257542,1.220888
0.240539,1.265398
0.212509,1.254600
0.191624,1.287622
0.167977,1.308431
0.142833,1.321975
0.119219,1.357915
0.094995,1.404846
0.070452,1.483152
0.044634,1.628037
-1.079828,5.519610
-1.092571,5.045586
-1.197637,5.040032
-1.310450,5.061221
-1.413959,5.042020
-1.525917,5.049511
-1.630421,5.028863
-1.754099,5.061984
-1.859994,5.038643
-1.978378,5.045518
-2.721598,5.305722
-2.722902,5.055949
-2.715677,4.809009
-2.729798,4.615338
-2.770315,4.476448
-2.901384,4.484700
-3.035417,4.491736
-3.154169,4.471475
-3.287474,4.467492
-3.435525,4.477755
-3.579861,4.477017
-3.356617,3.569150
-3.362977,3.435194
-3.364535,3.301663
-3.363234,3.170512
-3.367019,3.048903
-3.351887,2.915042
-3.355711,2.802180
-3.357359,2.691123
-3.405872,2.619592
-3.553677,2.621567
-3.704242,2.619572
-3.857619,2.613591
-4.042864,2.622378
-4.230957,2.625362
3.339410,-0.291804
3.237075,-0.217554
3.186626,-0.150059
3.148505,-0.085024
3.115385,-0.021625
3.102858,0.040684
3.105238,0.103021
3.107475,0.165538
3.129595,0.229731
3.117362,0.291784
3.141258,0.357697
3.200747,0.429650
3.257750,0.503994
3.384252,0.593283
0.943034,1.334635
0.822913,1.215641
0.789377,1.218022
0.729938,1.177392
0.694049,1.171324
0.651448,1.151463
0.611528,1.133347
0.581699,1.131803
0.556897,1.139173
0.533185,1.148486
0.501358,1.139205
0.470730,1.130568
0.452533,1.151400
0.421130,1.138034
0.399431,1.149739
0.386157,1.187839
0.354705,1.170409
0.334155,1.187929
0.314154,1.209355
0.288356,1.209195
0.267804,1.232012
0.241446,1.228986
0.224172,1.275782
0.195888,1.262915
0.175055,1.300287
0.152909,1.338213
0.127630,1.357861
0.101608,1.376886
0.078300,1.459205
0.052116,1.552569
-1.076248,5.686748
-1.077214,5.126918
-1.167052,5.049083
-1.270130,5.032913
-1.386655,5.064297
-1.493540,5.054387
-1.603792,5.052446
-1.716398,5.053459
-1.827591,5.046203
-1.947399,5.057835
-2.068074,5.065878
-2.709456,5.363090
-2.707536,5.102355
-2.715838,4.879137
-2.718072,4.660706
-2.745085,4.497301
-2.860385,4.481568
-2.990712,4.484838
-3.127293,4.491812
-3.259509,4.487083
-3.404523,4.494366
-3.551449,4.497991
-3.686326,4.481014
-3.346258,3.602308
-3.347898,3.462176
-3.342018,3.320205
-3.343303,3.190843
-3.358326,3.078866
-3.330011,2.932218
-3.345140,2.828510
-3.343154,2.713729
-3.369133,2.624502
-3.516287,2.627568
-3.660795,2.622819
-3.824650,2.625759
-3.998156,2.628499
-4.168883,2.622543
3.395093,-0.317793
3.259676,-0.239289
3.248906,-0.173089
3.136692,-0.104081
3.170538,-0.041586
3.123512,0.021666
3.112472,0.084042
3.099342,0.145931
3.106312,0.208749
3.115195,0.272193
3.137237,0.337636
3.175931,0.406385
3.244834,0.481509
3.350862,0.566137
0.854532,1.245718
0.788740,1.200735
0.735413,1.170034
0.688397,1.145592
0.663438,1.155946
0.622469,1.136786
0.600237,1.150357
0.565810,1.139520
0.532804,1.129358
0.511725,1.143565
0.488310,1.152697
0.458880,1.146715
0.431020,1.143035
0.407450,1.149857
0.389658,1.173907
0.369704,1.193325
0.344004,1.194611
0.319969,1.201217
0.298612,1.218805
0.271128,1.211231
0.254977,1.256809
0.228552,1.255223
0.205232,1.271307
0.182905,1.297926
0.160131,1.328608
0.136538,1.362340
0.113119,1.413936
0.085888,1.434996
0.060651,1.525865
0.032329,1.643199
-1.064264,5.819806
-1.072727,5.266870
-1.130273,5.031324
-1.241393,5.050175
-1.351009,5.056431
-1.456218,5.042484
-1.569280,5.051695
-1.679393,5.046556
-1.788963,5.036391
-1.912016,5.058873
-2.030596,5.063191
-2.705417,5.438226
-2.704503,5.173575
-2.710813,4.941699
-2.712975,4.718649
-2.705595,4.494738
-2.822992,4.483772
-2.944783,4.475585
-3.088551,4.495088
-3.220153,4.490938
-3.330479,4.453454
-3.502249,4.492394
-3.591627,4.421264
-3.340854,3.497841
-3.345010,3.364465
-3.346638,3.233733
-3.343004,3.103022
-3.340956,2.978667
-3.366963,2.882772
-3.348964,2.752923
-3.348994,2.642211
-3.475579,2.630746
-3.618028,2.626113
-3.772086,2.624077
-3.942398,2.626857
-4.091479,2.609243
-4.256035,2.595617
3.456525,-0.345085
3.282162,-0.261333
3.223294,-0.191682
3.167600,-0.124679
3.120634,-0.060202
3.129250,0.002392
3.115074,0.064863
3.107548,0.127087
3.099092,0.189050
3.117929,0.253051
3.137980,0.318136
3.165107,0.385143
3.228327,0.458704
3.235613,0.526150
0.873028,1.255986
0.817284,1.227612
0.756769,1.187677
0.712356,1.169052
0.671731,1.153839
0.635993,1.144645
0.610628,1.152854
0.579437,1.149105
0.551728,1.151003
0.527487,1.159528
0.495484,1.149800
0.467767,1.148324
0.446794,1.163069
0.419801,1.161876
0.394822,1.165351
0.371916,1.174747
0.347955,1.180853
0.327808,1.200793
0.300829,1.195871
0.278341,1.208402
0.261296,1.248326
0.233493,1.238913
0.214641,1.279355
0.190747,1.295646
0.164944,1.300902
0.144840,1.360459
0.118417,1.373391
0.094099,1.424602
0.069300,1.508790
-1.066595,5.407307
-1.112669,5.100045
-1.206734,5.043268
-1.312860,5.038120
-1.418866,5.029435
-1.536338,5.055575
-1.647190,5.053748
-1.757203,5.045571
-1.870177,5.042072
-1.989986,5.051937
-2.702089,5.247606
-2.698870,4.992769
-2.700907,4.765526
-2.708214,4.562644
-2.782994,4.481381
-2.889824,4.451650
-3.037610,4.479960
-3.167563,4.475720
-3.311733,4.485866
-3.449603,4.481649
-3.604166,4.493086
-3.345391,3.546190
-3.339578,3.400723
-3.343141,3.270501
-3.357944,3.155726
-3.328963,3.005088
-3.342347,2.897646
-3.369386,2.804725
-3.369228,2.692089
-3.438018,2.635853
-3.573042,2.627313
-3.673092,2.589026
-3.894621,2.629872
-4.059742,2.624389
-4.253858,2.630457
3.318623,-0.284856
3.283116,-0.215586
3.182217,-0.144951
3.143417,-0.080071
3.125704,-0.016907
3.105736,0.045490
3.107759,0.107874
3.102973,0.170058
3.102516,0.232526
3.112375,0.296136
3.161644,0.364931
3.187981,0.432921
3.255632,0.508789
3.441007,0.608671
0.903167,1.282389
0.827410,1.226339
0.768059,1.189121
0.716354,1.159444
0.681992,1.155009
0.646041,1.146007
0.616224,1.146247
0.595210,1.162473
0.550965,1.131435
0.527030,1.139799
0.503720,1.149350
0.482170,1.163078
0.454428,1.161458
0.426497,1.157984
0.400106,1.157393
0.380802,1.177513
0.357526,1.186263
0.334165,1.194989
0.311347,1.206154
0.286758,1.210718
0.262147,1.214961
0.241059,1.237060
0.220043,1.263677
0.196877,1.282256
0.173663,1.305057
0.150810,1.338034
0.124882,1.350848
0.100353,1.388831
0.075878,1.455784
0.049030,1.530717
-1.110269,5.817684
-1.109701,5.241562
-1.176049,5.052662
-1.281627,5.045818
-1.388247,5.039802
-1.501521,5.052896
-1.605532,5.031132
-1.724097,5.050715
-1.834302,5.040593
-1.952363,5.047623
-2.063859,5.033490
-2.743924,5.410718
-2.737440,5.139709
-2.743451,4.910998
-2.751366,4.701241
-2.730022,4.457256
-2.859099,4.464447
-2.990520,4.469699
-3.106136,4.446878
-3.247595,4.456287
-3.388249,4.458635
-3.527853,4.454060
-3.667908,4.444745
-3.379049,3.483695
-3.377199,3.344881
-3.375465,3.211669
-3.385327,3.094087
-3.364870,2.953756
-3.366908,2.838063
-3.363923,2.722054
-3.377631,2.622815
-3.487943,2.598051
-3.655985,2.610907
-3.795868,2.597456
-3.971167,2.602046
-4.154035,2.604328
-4.333198,2.597079
3.436760,-0.316386
3.283209,-0.235957
3.207227,-0.165937
3.183527,-0.100756
3.153232,-0.036529
3.131307,0.026522
3.111885,0.088783
3.094685,0.150462
3.114460,0.214096
3.120169,0.277441
3.141782,0.342994
3.171687,0.410782
3.200566,0.479962
3.304426,0.563496
0.857445,1.254088
0.792807,1.210970
0.746542,1.191788
0.691521,1.154799
0.670018,1.171562
0.631004,1.156564
0.594405,1.143449
0.566458,1.145231
0.530978,1.129964
0.514466,1.154423
0.484433,1.148441
0.456838,1.146707
0.435182,1.159442
0.408630,1.158831
0.383383,1.160951
0.360910,1.171271
0.339627,1.186236
0.310516,1.172957
0.293593,1.206293
0.270343,1.216449
0.250540,1.244720
0.224787,1.245380
0.207518,1.298101
0.180817,1.297498
0.157799,1.326386
0.133216,1.350003
0.108678,1.385094
0.084352,1.446489
0.057992,1.517468
-1.108161,6.007950
-1.100477,5.361147
-1.143688,5.054780
-1.246627,5.038162
-1.359551,5.057299
-1.459301,5.024233
-1.576548,5.047753
-1.685606,5.039518
-1.797190,5.035063
-1.918143,5.051632
-2.028947,5.036757
-2.735651,5.213663
-2.739035,4.975027
-2.734006,4.738452
-2.730846,4.521016
-2.824673,4.471220
-2.953889,4.474499
-3.086180,4.476965
-3.216973,4.472026
-3.356738,4.474238
-3.494606,4.468456
-3.656515,4.487074
-3.372315,3.519948
-3.365263,3.374476
-3.368339,3.244753
-3.370160,3.118645
-3.366204,2.991929
-3.368025,2.874752
-3.347084,2.742782
-3.357038,2.640215
-3.470097,2.618247
-3.610851,2.612485
-3.753415,2.602558
-3.929293,2.609422
-4.087408,2.597863
-4.288967,2.606702
3.303630,-0.257940
3.227942,-0.187006
3.163393,-0.119671
3.128575,-0.055553
3.126845,0.007180
3.124195,0.069839
3.092176,0.131207
3.098603,0.193789
3.090610,0.255600
3.122512,0.321405
3.162188,0.389716
3.205051,0.460407
3.276789,0.537988
0.879201,1.269013
0.808830,1.218951
0.754744,1.188510
0.711423,1.171566
0.680484,1.173003
0.643924,1.163109
0.607360,1.150946
0.566421,1.127579
0.538919,1.128716
0.520994,1.149932
0.486069,1.132735
0.463139,1.141958
0.440258,1.151316
0.416766,1.159041
0.392431,1.164162
0.370442,1.176359
0.345558,1.179387
0.328407,1.210280
0.305470,1.222225
0.276905,1.210655
0.257309,1.238762
0.234485,1.254719
0.212493,1.278517
0.187617,1.288078
0.165603,1.322343
0.142905,1.362112
0.117711,1.390090
0.091444,1.417439
0.066348,1.494329
-1.098157,5.522673
-1.110020,5.050683
-1.216598,5.050377
-1.318845,5.029555
-1.430462,5.040911
-1.544147,5.053434
-1.651804,5.041697
-1.767170,5.049250
-1.878384,5.040507
-1.990792,5.031399
-2.730135,5.282159
-2.730810,5.033392
-2.726586,4.793699
-2.733088,4.588505
-2.794434,4.484454
-2.909567,4.467079
-3.041509,4.470939
-3.180964,4.480062
-3.310145,4.469386
-3.458373,4.478873
-3.606231,4.481585
-3.715356,4.432207
-3.364341,3.555342
-3.372734,3.424003
-3.358424,3.275393
-3.356176,3.144375
-3.357495,3.021507
-3.360939,2.904771
-3.364826,2.792226
-3.339262,2.659762
-3.425669,2.618069
-3.555205,2.605806
-3.711696,2.607726
-3.894057,2.620826
-4.052600,2.610986
-4.249769,2.618924
3.327121,-0.280456
3.256870,-0.208855
3.195872,-0.140666
3.142053,-0.075215
3.138122,-0.012176
3.112583,0.050358
3.098742,0.112323
3.100305,0.174675
3.109616,0.237844
3.134509,0.303084
3.153352,0.368870
3.208421,0.440700
3.256364,0.514015
3.393798,0.605687
0.938827,1.337364
0.822089,1.222489
0.765492,1.189144
0.720231,1.169715
0.687180,1.167870
0.642606,1.144011
0.613866,1.146074
0.583138,1.143202
0.557451,1.149218
0.523118,1.135903
0.503391,1.153393
0.480163,1.163270
0.449905,1.155116
0.419348,1.143971
0.396612,1.152993
0.376097,1.169077
0.352957,1.177647
0.330089,1.187410
0.310355,1.209957
0.286545,1.218135
0.260604,1.216835
0.240695,1.245328
0.215783,1.250548
0.195449,1.286104
0.171611,1.304874
0.147893,1.330451
0.125549,1.381190
0.099631,1.408857
0.075352,1.489493
0.047790,1.566954
-1.092709,5.678427
-1.088757,5.104056
-1.183689,5.050446
-1.293183,5.058793
-1.395787,5.037036
-1.509361,5.051016
-1.615722,5.036422
-1.726251,5.031758
-1.847274,5.052181
-1.955700,5.033352
-2.080003,5.050812
-2.727464,5.357876
-2.722082,5.092117
-2.725077,4.860633
-2.718208,4.628268
-2.757283,4.486335
-2.871237,4.468323
-3.009659,4.483424
-3.133978,4.472140
-3.269397,4.471819
-3.401655,4.462065
-3.554214,4.473223
-3.691457,4.459376
-3.358088,3.592911
-3.358291,3.451711
-3.354625,3.312361
-3.361676,3.188747
-3.361344,3.062744
-3.357323,2.938047
-3.353720,2.818161
-3.357957,2.708736
-3.383470,2.619075
-3.505020,2.602433
-3.675743,2.616516
-3.838287,2.617874
-3.997011,2.610252
-4.167202,2.603698
3.393254,-0.307153
3.279030,-0.230616
3.211795,-0.161236
3.162256,-0.095234
3.113291,-0.031293
3.118131,0.031193
3.105075,0.093352
3.099888,0.155464
3.115938,0.219000
3.121859,0.282426
3.134356,0.347036
3.185675,0.417544
3.220588,0.488008
3.338330,0.574551
0.848817,1.245556
0.782066,1.198568
0.735758,1.178578
0.696725,1.167544
0.661660,1.161077
0.624285,1.148426
0.593739,1.146450
0.554494,1.125384
0.532588,1.137922
0.500827,1.128459
0.477661,1.137241
0.449652,1.133720
0.429774,1.150393
0.404050,1.151458
0.385124,1.172253
0.357755,1.167384
0.343027,1.205076
0.316036,1.201258
0.297214,1.229395
0.268321,1.216147
0.248664,1.245245
0.226262,1.264631
0.202521,1.279412
0.181714,1.318707
0.155527,1.324580
0.131187,1.350604
0.108020,1.404218
0.082176,1.447359
0.055867,1.523200
-1.094252,5.881932
-1.093302,5.285137
-1.147043,5.033786
-1.258665,5.053592
-1.359054,5.024790
-1.473740,5.045095
-1.583121,5.041637
-1.702571,5.064461
-1.804977,5.032578
-1.916856,5.025007
-2.037056,5.034560
-2.736745,5.459213
-2.732381,5.188108
-2.716848,4.916880
-2.720565,4.698513
-2.719772,4.487174
-2.835598,4.473314
-2.957641,4.465245
-3.100783,4.483425
-3.221657,4.464110
-3.362219,4.467271
-3.510974,4.475247
-3.654760,4.470925
-3.348122,3.484026
-3.370845,3.369715
-3.362870,3.229563
-3.358667,3.098474
-3.345968,2.964785
-3.367881,2.865717
-3.363171,2.747373
-3.348942,2.625559
-3.495913,2.629321
-3.622332,2.612353
-3.772123,2.607000
-3.950798,2.614987
-4.127544,2.614485
-4.316604,2.614461
3.457034,-0.334441
3.293366,-0.252060
3.235958,-0.182491
3.166170,-0.114928
3.139248,-0.050940
3.097877,0.011867
3.112720,0.074351
3.102094,0.136383
3.118893,0.199853
3.114258,0.262355
3.136950,0.327745
3.166221,0.395138
3.209757,0.466112
3.303589,0.547582
0.877079,1.270107
0.805637,1.218182
0.755093,1.193089
0.713410,1.178905
0.675148,1.167927
0.633450,1.148338
0.594570,1.130903
0.575790,1.150625
0.544323,1.144529
0.515639,1.142765
0.480295,1.124032
0.465713,1.153374
0.439273,1.154028
0.414298,1.157737
0.390297,1.163724
0.367308,1.172663
0.343182,1.177959
0.321068,1.190449
0.299688,1.206939
0.279411,1.230260
0.255524,1.239703
0.233910,1.262356
0.207428,1.259960
0.186526,1.294474
0.165938,1.341704
0.140147,1.355817
0.116178,1.397408
0.090228,1.432775
0.064356,1.501385
-1.081226,6.018344
-1.089383,5.435043
-1.116752,5.044408
-1.221260,5.035825
-1.331684,5.047049
-1.438926,5.041341
-1.553653,5.056778
-1.663490,5.051206
-1.774300,5.044837
-1.887601,5.041605
-2.001801,5.036688
-2.727119,5.256575
-2.713855,4.983881
-2.709878,4.747407
-2.718958,4.548927
-2.794317,4.468994
-2.928842,4.481661
-3.056378,4.478054
-3.185194,4.471482
-3.321417,4.470245
-3.464021,4.472005
-3.607608,4.469276
-3.362736,3.542755
-3.360007,3.400636
-3.360961,3.267861
-3.364764,3.142768
-3.356454,3.011270
-3.368146,2.902001
-3.358535,2.778339
-3.366196,2.672800
-3.434096,2.616171
-3.585922,2.619898
-3.745302,2.622789
-3.909311,2.622395
-4.073436,2.615605
-4.262460,2.617755
3.325299,-0.275171
3.228195,-0.202054
3.170471,-0.134681
3.153322,-0.070643
3.114337,-0.007310
3.124420,0.055327
3.094104,0.116906
3.087469,0.178717
3.116148,0.243144
3.129564,0.307444
3.171325,0.375900
3.181593,0.441979
3.283366,0.523432
3.454819,0.622046
0.900486,1.286932
0.820990,1.224900
0.765971,1.193902
0.721937,1.176528
0.676263,1.153348
0.638815,1.141342
0.611073,1.145079
0.580190,1.141753
0.552655,1.143787
0.517117,1.127411
0.495806,1.140780
0.470725,1.145371
0.444635,1.146777
0.423761,1.161519
0.395870,1.156587
0.375395,1.173040
0.354964,1.190982
0.329176,1.191221
0.310377,1.217786
0.279333,1.195687
0.260200,1.224101
0.237023,1.236487
0.214205,1.252854
0.193519,1.286684
0.168805,1.298945
0.145500,1.327389
0.123982,1.387492
0.098009,1.416874
0.073334,1.495037
0.047337,1.634287
-1.084536,5.589750
-1.088689,5.065688
-1.189764,5.041630
-1.298488,5.047288
-1.406459,5.045395
-1.518457,5.053193
-1.627809,5.047575
-1.738733,5.042946
-1.858402,5.058480
-1.970756,5.049161
-2.714394,5.312024
-2.719751,5.069009
-2.713528,4.822733
-2.711290,4.600344
-2.759537,4.474564
-2.885695,4.475720
-3.016334,4.478515
-3.138461,4.463965
-3.283054,4.476095
-3.425717,4.479382
-3.574948,4.485165
-3.352275,3.575671
-3.352386,3.435082
-3.337752,3.285614
-3.380430,3.196704
-3.355794,3.048291
-3.360399,2.931657
-3.366944,2.820468
-3.360411,2.702199
-3.396570,2.620907
-3.539978,2.620006
-3.686906,2.615947
-3.868217,2.629587
-4.017871,2.615086
-4.147327,2.582444
3.369675,-0.299802
3.249037,-0.223507
3.197891,-0.155629
3.184988,-0.091027
3.125403,-0.026628
3.119561,0.035985
3.099325,0.097933
3.107752,0.160633
3.111026,0.223433
3.120232,0.287099
3.125342,0.350899
3.181004,0.421887
3.243830,0.496612
3.378870,0.586860
0.825209,1.214907
0.784908,1.206963
0.735079,1.181523
0.691972,1.163624
0.657253,1.157467
0.628764,1.160909
0.595510,1.154193
0.562303,1.145655
0.524706,1.125575
0.507403,1.148020
0.478387,1.143877
0.451205,1.142740
0.435034,1.169941
0.407740,1.167693
0.381853,1.168338
0.358867,1.177461
0.334769,1.182943
0.313229,1.198032
0.295411,1.230192
0.265462,1.212023
0.243081,1.227069
0.224594,1.266495
0.200377,1.278565
0.178144,1.307605
0.152313,1.314606
0.129289,1.352649
0.107440,1.425262
0.080344,1.454363
0.054643,1.554873
-1.075995,5.734831
-1.078785,5.174976
-1.158473,5.048268
-1.265821,5.049331
-1.373031,5.045732
-1.483393,5.049395
-1.592593,5.044714
-1.708212,5.055525
-1.820757,5.052230
-1.933958,5.046641
-2.049610,5.043344
-2.714582,5.394339
-2.715677,5.137310
-2.716586,4.898646
-2.709225,4.662405
-2.721047,4.473786
-2.843685,4.470942
-2.978539,4.481856
-3.116487,4.491380
-3.219351,4.446559
-3.387522,4.486580
-3.522371,4.475629
-3.668076,4.473199
-3.340606,3.607628
-3.348160,3.473411
-3.342823,3.331480
-3.350633,3.207935
-3.350072,3.081063
-3.346389,2.956024
-3.357298,2.847855
-3.342600,2.722035
-3.348746,2.617132
-3.495368,2.620533
-3.654943,2.627353
-3.813445,2.626948
-3.976805,2.623461
-4.166162,2.629998
-4.344826,2.622455
3.379959,-0.321768
3.312694,-0.248436
3.205966,-0.175865
3.157189,-0.109756
3.120227,-0.045863
3.115478,0.016701
3.096183,0.078712
3.086024,0.140415
3.113230,0.204283
3.119919,0.267649
3.144945,0.333445
3.170705,0.400629
3.253293,0.477530
3.318706,0.555321
0.859629,1.248929
0.812608,1.232837
0.743223,1.178323
0.707071,1.172475
0.664726,1.153976
0.636705,1.158436
0.600778,1.146974
0.571529,1.146498
0.533674,1.126591
0.518046,1.152796
0.492033,1.156404
0.466166,1.159621
0.440823,1.163464
0.413809,1.161972
0.388253,1.163537
0.361200,1.159398
0.345815,1.193804
0.321760,1.200332
0.299158,1.212754
0.272369,1.207812
0.254934,1.246488
0.233724,1.272252
0.209427,1.284416
0.185036,1.298207
0.163248,1.336744
0.140616,1.381079
0.115068,1.410232
0.088924,1.447419
0.063188,1.528939
-1.071500,5.912115
-1.068648,5.289618
-1.125111,5.045546
-1.236035,5.062787
-1.343604,5.060762
-1.453451,5.062859
-1.558246,5.044221
-1.667813,5.038299
-1.787694,5.058141
-1.901995,5.056451
-2.014981,5.047277
-2.701846,5.452610
-2.698878,5.182720
-2.706133,4.951648
-2.708603,4.728295
-2.714381,4.525505
-2.804404,4.469872
-2.933375,4.473597
-3.069444,4.482453
-3.210940,4.493067
-3.349018,4.492980
-3.490829,4.492343
-3.628949,4.481662
-3.350468,3.519013
-3.345367,3.375448
-3.335048,3.232738
-3.351819,3.121089
-3.346655,2.993227
-3.352201,2.879306
-3.347367,2.760476
-3.355209,2.655719
-3.473733,2.637965
-3.608968,2.628249
-3.769330,2.631013
-3.874735,2.590592
-4.106023,2.627642
-4.293114,2.627557
3.340950,-0.271311
3.216775,-0.196390
3.203469,-0.131169
3.160733,-0.065960
3.149803,-0.002556
3.113806,0.059916
3.097495,0.121776
3.101396,0.184286
3.103079,0.246921
3.097046,0.309039
3.151899,0.378496
3.176161,0.446190
3.238502,0.521368
0.946336,1.356885
0.834672,1.249448
0.762031,1.191776
0.722263,1.181123
0.679028,1.162154
0.654786,1.174090
0.626946,1.179160
0.584024,1.153672
0.547796,1.138185
0.518791,1.135649
0.494234,1.141950
0.467859,1.143380
0.451611,1.170079
0.419705,1.155907
0.398514,1.170179
0.375870,1.180756
0.348749,1.176697
0.322871,1.175415
0.304770,1.203506
0.282204,1.216383
0.260575,1.235168
0.238053,1.252247
0.212699,1.255612
0.196184,1.318141
0.169208,1.317874
0.143587,1.328765
0.118432,1.348647
0.093903,1.388374
0.069191,1.456241
0.042270,1.540845
-1.062681,5.432623
-1.116725,5.157642
-1.202927,5.062674
-1.309116,5.056504
-1.409013,5.024776
-1.527615,5.055507
-1.633630,5.039168
-1.743568,5.031976
-1.857725,5.032793
-1.968898,5.021647
-2.090012,5.031299
-2.752751,5.366763
-2.758220,5.121827
-2.697369,4.776849
-2.706625,4.576407
-2.792450,4.512457
-2.881597,4.454339
-3.033401,4.489019
-3.167765,4.491022
-3.273779,4.449128
-3.419478,4.457071
-3.561011,4.453681
-3.377964,3.592041
-3.372921,3.445522
-3.360419,3.297810
-3.377656,3.184301
-3.374862,3.056188
-3.366452,2.927871
-3.360835,2.806616
-3.358578,2.692263
-3.389012,2.606776
-3.572222,2.635414
-3.724992,2.634410
-3.839311,2.601342
-3.992041,2.589572
-4.208982,2.611907
3.377583,-0.295282
3.258917,-0.219169
3.192146,-0.150454
3.161014,-0.085500
3.132974,-0.021887
3.111653,0.040659
3.104204,0.102851
3.099476,0.164971
3.112349,0.228320
3.118245,0.291726
3.152394,0.358830
3.182005,0.426993
3.257182,0.503756
3.336546,0.584774
0.846206,1.249928
0.778863,1.201686
0.732112,1.180780
0.684098,1.154409
0.661885,1.169790
0.619874,1.148698
0.587320,1.142615
0.563041,1.151605
0.528233,1.137688
0.508124,1.154439
0.483122,1.160187
0.453634,1.154060
0.424859,1.147958
0.403680,1.161790
0.383199,1.178559
0.360006,1.187724
0.334786,1.189971
0.312851,1.204110
0.292521,1.226412
0.267221,1.229066
0.242672,1.234938
0.219875,1.251004
0.196875,1.268918
0.176940,1.313831
0.151058,1.321459
0.127820,1.359269
0.103531,1.402097
0.077164,1.436806
0.051137,1.521312
-1.101575,5.821997
-1.104378,5.257317
-1.165053,5.041524
-1.268958,5.029188
-1.372905,5.014959
-1.492520,5.051817
-1.599550,5.039877
-1.711285,5.039130
-1.825053,5.039896
-1.938313,5.034950
-2.060669,5.048399
-2.733445,5.411169
-2.729723,5.144764
-2.728196,4.901891
-2.737086,4.693786
-2.734153,4.479833
-2.852466,4.469620
-2.988577,4.482085
-3.116636,4.476929
-3.244224,4.466460
-3.383787,4.467410
-3.530465,4.471812
-3.670467,4.462155
-3.370800,3.486181
-3.374776,3.353065
-3.354927,3.202213
-3.361268,3.081847
-3.375354,2.972424
-3.354764,2.836893
-3.362374,2.729581
-3.370947,2.626171
-3.496083,2.612718
-3.624073,2.596753
-3.796283,2.606543
-3.968603,2.609345
-4.154460,2.613738
-4.340642,2.610848
3.417428,-0.320049
3.277441,-0.240756
3.187630,-0.169966
3.155563,-0.104856
3.127377,-0.041171
3.125445,0.021531
3.095668,0.083440
3.114021,0.146472
3.095427,0.207869
3.124597,0.272867
3.131578,0.336876
3.174927,0.406095
3.221662,0.477923
3.313202,0.559623
0.860004,1.253571
0.801882,1.220624
0.743453,1.182704
0.708429,1.178800
0.670475,1.168084
0.622637,1.136965
0.591973,1.134388
0.572084,1.152022
0.535910,1.135800
0.511078,1.141966
0.486411,1.148057
0.458273,1.145051
0.437296,1.159514
0.418772,1.181627
0.392669,1.182787
0.366244,1.181961
0.344301,1.195438
0.319458,1.199085
0.295673,1.206569
0.279591,1.248757
0.250871,1.236250
0.231029,1.268503
0.204634,1.267253
0.181935,1.290599
0.160120,1.327987
0.135646,1.352811
0.111282,1.390157
0.087642,1.463145
0.060279,1.514789
-1.088539,5.954094
-1.091926,5.362461
-1.134700,5.052160
-1.240133,5.046027
-1.342182,5.024281
-1.451289,5.026322
-1.567491,5.046753
-1.680280,5.050043
-1.789853,5.039636
-1.907472,5.047527
-2.024635,5.048979
-2.725740,5.214801
-2.726745,4.971307
-2.719016,4.729687
-2.712970,4.507485
-2.828162,4.492446
-2.943719,4.474398
-3.085090,4.490514
-3.207551,4.473831
-3.353966,4.485290
-3.481599,4.466314
-3.624383,4.461991
-3.347347,3.504971
-3.361211,3.381062
-3.348994,3.236306
-3.363182,3.122056
-3.358964,2.995021
-3.373404,2.888545
-3.341378,2.746927
-3.357633,2.649282
-3.452836,2.613786
-3.603525,2.615849
-3.759476,2.615566
-3.918695,2.611315
-4.097631,2.613426
-4.286757,2.614627
3.493723,-0.348963
3.286391,-0.261818
3.221162,-0.191705
3.186900,-0.125595
3.141981,-0.060764
3.124880,0.002252
3.077180,0.063936
3.123412,0.127588
3.104492,0.189231
3.111766,0.252408
3.140616,0.318258
3.168580,0.385416
3.223655,0.457897
3.291215,0.535031
0.892633,1.284068
0.805195,1.209332
0.752877,1.181443
0.712565,1.169278
0.673739,1.157171
0.644410,1.159667
0.612310,1.155892
0.568590,1.127463
0.546089,1.139109
0.515832,1.133767
0.494043,1.146316
0.472200,1.159051
0.448563,1.167507
0.423404,1.171681
0.398037,1.174669
0.370200,1.169147
0.350913,1.190685
0.323559,1.185003
0.300105,1.192761
0.285123,1.237589
0.261233,1.247742
0.237011,1.257251
0.216084,1.287565
0.188809,1.282050
0.168692,1.329993
0.142775,1.340486
0.119157,1.381205
0.094079,1.423281
0.069001,1.500727
-1.081429,5.483884
-1.101573,5.050282
-1.208181,5.050378
-1.316982,5.054974
-1.420288,5.035376
-1.533058,5.045584
-1.645452,5.049201
-1.755344,5.041009
-1.869965,5.042223
-1.988054,5.047719
-2.721824,5.286562
-2.704305,5.003352
-2.704898,4.773067
-2.722912,4.587892
-2.778062,4.473922
-2.914718,4.490452
-3.039199,4.482742
-3.179191,4.492593
-3.314959,4.490679
-3.453400,4.487030
-3.599215,4.487371
-3.358451,3.560376
-3.349806,3.411458
-3.351121,3.278606
-3.359732,3.157700
-3.347925,3.022477
-3.353922,2.907967
-3.353256,2.791586
-3.351655,2.678300
-3.423100,2.624658
-3.575441,2.629321
-3.737303,2.634555
-3.893017,2.629062
-4.060880,2.625391
-4.246379,2.626103
3.380587,-0.290331
3.244974,-0.213229
3.217578,-0.146710
3.162290,-0.080693
3.133450,-0.017092
3.117813,0.045524
3.109797,0.107806
3.082998,0.168832
3.139465,0.235153
3.119236,0.296638
3.142338,0.362555
3.196699,0.433954
3.235205,0.505441
3.348575,0.592164
0.844170,1.251056
0.766473,1.186543
0.736547,1.192004
0.681684,1.154365
0.647708,1.148839
0.624438,1.161408
0.584501,1.141432
0.559673,1.149181
0.530258,1.146634
0.501591,1.144345
0.483522,1.166190
0.447362,1.143239
0.425305,1.154582
0.401469,1.161159
0.376940,1.165382
0.356327,1.182103
0.329584,1.178407
0.312663,1.211013
0.285949,1.207038
0.266366,1.234224
0.243733,1.250467
0.218583,1.254941
0.196947,1.282310
0.175099,1.315378
0.149128,1.322540
0.125637,1.358336
0.101420,1.402769
0.074070,1.419855
0.048990,1.527168
-1.117654,5.857943
-1.114672,5.266224
-1.171415,5.033816
-1.281336,5.045669
-1.391326,5.051878
-1.492934,5.024875
-1.610465,5.047416
-1.721753,5.044572
-1.830189,5.029955
-1.954481,5.053795
-2.070937,5.051450
-2.742748,5.409000
-2.744150,5.152880
-2.746676,4.917330
-2.740571,4.683266
-2.762837,4.511272
-2.851809,4.453502
-2.985254,4.462282
-3.110037,4.452917
-3.264560,4.479988
-3.388771,4.459741
-3.529261,4.456249
-3.685090,4.465986
-3.371002,3.475706
-3.382092,3.350040
-3.390223,3.226014
-3.370956,3.081242
-3.373402,2.961518
-3.378561,2.848159
-3.370854,2.727920
-3.370875,2.617826
-3.495347,2.603831
-3.639400,2.599299
-3.786795,2.591493
-3.954095,2.591120
-4.128164,2.588390
-4.327824,2.594130
3.440552,-0.316897
3.306401,-0.237786
3.202244,-0.165835
3.168349,-0.100412
3.133533,-0.036435
3.123569,0.026307
3.111232,0.088619
3.100586,0.150598
3.096508,0.212722
3.124127,0.277653
3.128890,0.341447
3.173087,0.410806
3.229731,0.484171
3.307508,0.563869
0.867995,1.269383
0.791883,1.209433
0.741381,1.183432
0.697489,1.164642
0.653922,1.143293
0.629997,1.154593
0.595020,1.144503
0.568300,1.148826
0.545395,1.160506
0.511153,1.146846
0.481730,1.141875
0.457706,1.148722
0.433111,1.153768
0.418169,1.185705
0.384367,1.163738
0.366821,1.190258
0.340000,1.187331
0.315843,1.192867
0.294452,1.209599
0.272780,1.227146
0.252295,1.253130
0.225774,1.250495
0.205447,1.284775
0.180307,1.293420
0.158474,1.331521
0.132479,1.341872
0.109627,1.396335
0.085059,1.457496
0.057192,1.494835
-1.112424,5.420641
-1.141811,5.047634
-1.249799,5.052041
-1.352545,5.032136
-1.460861,5.030476
-1.574768,5.042916
-1.682985,5.032455
-1.795782,5.031883
-1.911805,5.035623
-2.033442,5.048552
-2.745675,5.233358
-2.740543,4.978337
-2.743993,4.756276
-2.737807,4.533028
-2.820880,4.465673
-2.946027,4.463011
-3.084261,4.474621
-3.215202,4.470009
-3.338350,4.450188
-3.480855,4.451309
-3.638280,4.465115
-3.365703,3.513388
-3.364889,3.374406
-3.374104,3.250588
-3.364643,3.113827
-3.356322,2.983436
-3.364409,2.871943
-3.369993,2.761810
-3.365130,2.646830
-3.462211,2.612558
-3.590295,2.597867
-3.753331,2.602769
-3.902379,2.591805
-4.093289,2.601846
-4.249418,2.582925
3.338115,-0.260790
3.235313,-0.187579
3.190968,-0.120864
3.143673,-0.055975
3.129607,0.007041
3.092305,0.068989
3.091735,0.131043
3.104093,0.193984
3.113615,0.257352
3.116947,0.320685
3.162980,0.389664
3.204548,0.460188
3.267304,0.536281
3.443373,0.636336
0.894293,1.290669
0.818125,1.232839
0.766981,1.207653
0.715700,1.178479
0.675300,1.163947
0.629715,1.137328
0.607700,1.151462
0.580161,1.154797
0.551126,1.154141
0.518019,1.143227
0.495426,1.154392
0.464803,1.145914
0.437530,1.144024
0.411019,1.142885
0.391287,1.160586
0.372637,1.183145
0.343497,1.172156
0.326234,1.202047
0.300705,1.202915
0.279981,1.223839
0.254356,1.224257
0.233570,1.249502
0.211197,1.270377
0.186689,1.281278
0.164031,1.309269
0.140683,1.340338
0.115927,1.368293
0.091775,1.421552
0.066263,1.490867
0.039661,1.627754
-1.113440,5.600924
-1.111019,5.056373
-1.214037,5.040740
-1.322522,5.044551
-1.428726,5.035737
-1.540364,5.041884
-1.651429,5.041300
-1.765950,5.046500
-1.878684,5.042050
-1.993278,5.038405
-2.744062,5.309732
-2.733582,5.039083
-2.732593,4.804757
-2.741313,4.602782
-2.778773,4.459791
-2.920162,4.483810
-3.040969,4.470620
-3.173342,4.469761
-3.303927,4.461420
-3.438104,4.453022
-3.588570,4.460065
-3.736370,4.457715
-3.379550,3.571738
-3.364871,3.416342
-3.373786,3.290696
-3.362563,3.150650
-3.373391,3.036097
-3.358949,2.903323
-3.360160,2.788620
-3.350941,2.669333
-3.430193,2.621771
-3.553786,2.605016
-3.703729,2.602381
-3.858157,2.596926
-4.039211,2.602634
-4.210857,2.595221
3.343192,-0.281974
3.238503,-0.207832
3.202606,-0.141104
3.150613,-0.075565
3.108157,-0.012202
3.111798,0.050197
3.104646,0.112393
3.100086,0.174528
3.117759,0.238323
3.120057,0.301541
3.151623,0.368515
3.187750,0.437702
3.242936,0.511746
3.395142,0.605772
0.953617,1.358288
0.833578,1.239452
0.772577,1.200031
0.721529,1.171707
0.679311,1.154375
0.648139,1.153733
0.612921,1.144185
0.583342,1.143478
0.550979,1.135741
0.523892,1.137444
0.497399,1.139517
0.473161,1.146151
0.446428,1.146034
0.422252,1.151731
0.388646,1.129666
0.379340,1.178960
0.351694,1.173231
0.331345,1.191726
0.305600,1.191192
0.286861,1.219221
0.262988,1.227674
0.239728,1.240015
0.220348,1.276652
0.195197,1.284049
0.171537,1.303855
0.149325,1.342756
0.124261,1.366293
0.098773,1.395824
0.073848,1.458487
0.047918,1.568733
-1.100428,5.719966
-1.099845,5.157281
-1.183340,5.050020
-1.290773,5.050305
-1.398252,5.046806
-1.501689,5.026173
-1.613314,5.029730
-1.733354,5.053225
-1.843026,5.041241
-1.957377,5.038331
-2.080646,5.053024
-2.727600,5.358749
-2.727609,5.102986
-2.736686,4.881882
-2.735377,4.658011
-2.750879,4.476361
-2.867099,4.462328
-3.008271,4.481801
-3.139469,4.480429
-3.278551,4.484784
-3.402888,4.464114
-3.552500,4.471478
-3.695711,4.464924
-3.361388,3.596775
-3.376482,3.470715
-3.367405,3.325276
-3.373836,3.200583
-3.351345,3.053927
-3.361460,2.941937
-3.371228,2.833128
-3.358557,2.709471
-3.373217,2.611376
-3.540024,2.628685
-3.680054,2.619842
-3.824152,2.608487
-3.987821,2.604492
-4.185822,2.615595
3.383651,-0.306434
3.264998,-0.229784
3.203775,-0.160988
3.179788,-0.095913
3.119112,-0.031495
3.119764,0.031067
3.112303,0.093424
3.101216,0.155383
3.086810,0.216803
3.132740,0.283263
3.147223,0.348319
3.186177,0.417465
3.256126,0.493235
3.345889,0.575681
0.856402,1.256559
0.791617,1.213075
0.737277,1.180893
0.703230,1.178321
0.662607,1.162613
0.617174,1.135220
0.592489,1.143907
0.559614,1.135640
0.545087,1.164485
0.504395,1.136362
0.487016,1.159365
0.450189,1.134910
0.429679,1.149973
0.412627,1.175736
0.388898,1.183556
0.355755,1.160662
0.340599,1.196335
0.315424,1.198696
0.294812,1.219204
0.267223,1.210903
0.246666,1.234945
0.223014,1.246127
0.200268,1.264778
0.179383,1.301360
0.154659,1.316686
0.131398,1.352127
0.108713,1.412374
0.081698,1.437749
0.056055,1.526381
-1.092009,5.871392
-1.077775,5.211277
-1.147759,5.038030
-1.258766,5.055016
-1.364506,5.045866
-1.475054,5.050440
-1.581634,5.037696
-1.694785,5.042064
-1.803299,5.028628
-1.923808,5.043951
-2.044966,5.054787
-2.725771,5.437981
-2.719482,5.164191
-2.733927,4.948318
-2.721791,4.701132
-2.719974,4.487971
-2.828861,4.463159
-2.963651,4.474766
-3.097130,4.478595
-3.226633,4.471446
-3.376318,4.486448
-3.508792,4.472918
-3.651777,4.467690
-3.404479,3.542993
-3.380601,3.379784
-3.344030,3.211768
-3.356065,3.096372
-3.353345,2.971597
-3.357703,2.857336
-3.389077,2.768807
-3.359512,2.634085
-3.493786,2.627972
-3.620833,2.611529
-3.794941,2.623034
-3.949102,2.614128
-4.118694,2.609139
-4.320340,2.616991
3.457369,-0.334641
3.306123,-0.253188
3.218551,-0.181655
3.188635,-0.115890
3.146866,-0.051213
3.112010,0.011768
3.133101,0.074694
3.093729,0.135872
3.108497,0.199043
3.119268,0.262624
3.133684,0.327242
3.165933,0.394953
3.207487,0.465635
3.307167,0.548018
0.882183,1.277376
0.799127,1.208222
0.743542,1.174718
0.704605,1.164230
0.672359,1.162971
0.635531,1.151986
0.608784,1.157816
0.575139,1.149195
0.541345,1.138127
0.513076,1.136938
0.486978,1.139528
0.461874,1.143720
0.434977,1.142589
0.412668,1.153011
0.392770,1.170907
0.372455,1.188912
0.340840,1.169727
0.323537,1.199391
0.301096,1.212357
0.276437,1.216892
0.256980,1.246474
0.233379,1.259178
0.207260,1.258605
0.188060,1.304694
0.161127,1.302287
0.139145,1.345521
0.114427,1.375652
0.091048,1.444751
0.064751,1.508974
-1.084092,5.410005
-1.115185,5.038420
-1.226990,5.060462
-1.331371,5.046747
-1.440468,5.047636
-1.552531,5.054008
-1.662184,5.048030
-1.776314,5.051259
-1.888466,5.044608
-1.999654,5.031978
-2.708871,5.222000
-2.727202,5.008977
-2.717911,4.761986
-2.724016,4.557851
-2.804524,4.485762
-2.926937,4.479188
-3.066645,4.493560
-3.190809,4.479815
-3.341531,4.497742
-3.468664,4.478410
-3.621818,4.487299
-3.355919,3.535887
-3.362816,3.403789
-3.355753,3.263100
-3.344463,3.124096
-3.348612,3.004506
-3.378392,2.911092
-3.356103,2.776582
-3.335835,2.648950
-3.434072,2.616417
-3.582744,2.617818
-3.740812,2.619878
-3.906755,2.620936
-4.082688,2.621814
-4.256497,2.614383
3.325106,-0.275310
3.232437,-0.202480
3.194541,-0.135849
3.157552,-0.070881
3.125402,-0.007479
3.109016,0.054911
3.090233,0.116611
3.079693,0.178119
3.095974,0.241429
3.123948,0.306750
3.157037,0.374059
3.218658,0.446971
3.261009,0.519709
3.437606,0.618785
0.904762,1.292914
0.814374,1.214902
0.771602,1.202565
0.722840,1.177881
0.679891,1.159416
0.646601,1.155129
0.605999,1.135440
0.581875,1.144936
0.552694,1.143742
0.523759,1.141758
0.496746,1.142799
0.467997,1.138576
0.447569,1.154184
0.430287,1.179248
0.398701,1.164687
0.376988,1.177831
0.351451,1.178981
0.325439,1.177478
0.307572,1.206558
0.284542,1.217742
0.265007,1.246432
0.235083,1.226051
0.217772,1.273346
0.191901,1.275531
0.171905,1.322334
0.145808,1.329628
0.121617,1.360305
0.098256,1.419430
0.073126,1.489394
0.046627,1.607264
-1.091649,5.627786
-1.085706,5.052954
-1.193671,5.059293
-1.300188,5.054868
-1.407557,5.050265
-1.517510,5.050921
-1.628743,5.051266
-1.735529,5.034428
-1.850444,5.037566
-1.968814,5.044869
-2.723813,5.331052
-2.724626,5.078667
-2.721577,4.837561
-2.726785,4.627155
-2.759189,4.474492
-2.881180,4.469170
-3.013248,4.474375
-3.145818,4.474873
-3.289614,4.485490
-3.419411,4.471587
-3.570829,4.480435
-3.712236,4.470895
-3.354987,3.578922
-3.357181,3.440318
-3.366070,3.313789
-3.357772,3.175570
-3.360270,3.052648
-3.360070,2.931660
-3.358350,2.813543
-3.367837,2.708426
-3.409294,2.630977
-3.544777,2.623811
-3.697492,2.623730
-3.863074,2.626366
-4.023771,2.619197
-4.198359,2.614490
3.427754,-0.305128
3.241506,-0.223143
3.192529,-0.155522
3.173222,-0.090851
3.132336,-0.026842
3.107956,0.035709
3.090859,0.097528
3.098075,0.159985
3.109262,0.223156
3.123885,0.287287
3.164139,0.355111
3.187137,0.422551
3.217114,0.492365
3.415722,0.593090
0.858276,1.263465
0.772936,1.188430
0.738614,1.187076
0.696218,1.170637
0.652631,1.149206
0.615670,1.136611
0.580086,1.124165
0.551287,1.123069
0.533585,1.144480
0.507553,1.148222
0.479489,1.146360
0.461408,1.168420
0.426572,1.147014
0.403091,1.154204
0.383336,1.172687
0.358770,1.176951
0.334386,1.181373
0.310359,1.186816
0.292703,1.218646
0.270066,1.232773
0.243951,1.231165
0.223583,1.260442
0.200273,1.277497
0.180005,1.320786
0.153261,1.322249
0.131941,1.379744
0.106363,1.410088
0.081658,1.476890
0.054772,1.556339
-1.130264,6.025674
-1.125030,5.398014
-1.160245,5.057027
-1.267576,5.057308
-1.376032,5.057721
-1.483663,5.051204
-1.596378,5.057500
-1.706561,5.051393
-1.816620,5.041506
-1.934851,5.049698
-2.050664,5.046626
-2.707866,5.123131
-2.753356,4.965496
-2.755987,4.743372
-2.731807,4.491948
-2.852399,4.485119
-2.955354,4.447441
-3.106280,4.477118
-3.235570,4.469389
-3.387765,4.487344
-3.504075,4.452817
-3.686685,4.496342
-3.344821,3.612519
-3.343671,3.469083
-3.350579,3.339547
-3.340717,3.198746
-3.366944,3.096858
-3.351880,2.961146
-3.370335,2.859184
-3.360990,2.737281
-3.365184,2.630238
-3.504386,2.627543
-3.655324,2.627886
-3.819465,2.631366
-4.004967,2.642313
-4.177645,2.637530
3.379747,-0.321914
3.265809,-0.245081
3.204364,-0.175925
3.163161,-0.110104
3.141382,-0.046310
3.120744,0.016587
3.113400,0.078999
3.101897,0.140991
3.105847,0.203651
3.113451,0.266953
3.122894,0.330954
3.153243,0.398259
3.201090,0.469713
3.324835,0.556195
0.855682,1.243065
0.800617,1.214518
0.745402,1.181657
0.701860,1.163710
0.669411,1.161982
0.632028,1.149794
0.596716,1.139091
0.570083,1.143467
0.536219,1.131829
0.513123,1.141694
0.483867,1.137057
0.463026,1.151657
0.444057,1.171833
0.411027,1.153995
0.387017,1.159650
0.368875,1.183833
0.345207,1.191496
0.319835,1.192935
0.300366,1.217410
0.276025,1.223754
0.254662,1.244848
0.231591,1.260306
0.207953,1.274995
0.187243,1.313263
0.158841,1.300154
0.137430,1.349139
0.114600,1.403668
0.089156,1.450133
0.062691,1.515268
-1.070785,5.909713
-1.067736,5.286402
-1.125802,5.049786
-1.227726,5.029765
-1.336355,5.034388
-1.449005,5.048273
-1.560315,5.051742
-1.676499,5.065366
-1.787398,5.058063
-1.902639,5.058856
-2.022036,5.065624
-2.703616,5.456821
-2.702519,5.190303
-2.711886,4.962735
-2.702606,4.718360
-2.710533,4.519584
-2.819276,4.494030
-2.942096,4.487336
-3.087522,4.509299
-3.208824,4.490560
-3.345560,4.488793
-3.482019,4.481437
-3.642319,4.498589
-3.382986,3.553492
-3.351323,3.381765
-3.342669,3.240424
-3.346208,3.116160
-3.362170,3.007411
-3.381074,2.904380
-3.338776,2.753654
-3.373181,2.670195
-3.423353,2.599966
-3.626807,2.641514
-3.777797,2.637187
-3.886673,2.598829
-4.111351,2.631317
-4.232078,2.590471
3.433826,-0.348460
3.316002,-0.269443
3.249323,-0.198536
3.188389,-0.130712
3.142466,-0.065733
3.136558,-0.002693
3.111630,0.059729
3.120534,0.122532
3.109527,0.184618
3.089011,0.245649
3.121595,0.311342
3.153395,0.378524
3.204572,0.450024
3.247741,0.522687
3.368458,0.611653
0.930567,1.334135
0.820430,1.227997
0.756808,1.183478
0.722537,1.181445
0.681485,1.166235
0.640719,1.148742
0.612526,1.151906
0.586516,1.158453
0.551618,1.145988
0.522300,1.143194
0.498022,1.150553
0.465049,1.136351
0.438722,1.136519
0.425292,1.171123
0.397973,1.168416
0.378494,1.188805
0.351211,1.184805
0.329626,1.199778
0.307813,1.215273
0.281683,1.213889
0.259034,1.227584
0.239109,1.257471
0.216662,1.278617
0.193214,1.297754
0.168095,1.308739
0.144167,1.333552
0.120035,1.366190
0.096269,1.422363
0.069787,1.467305
0.043642,1.588163
-1.109682,5.674294
-1.105498,5.106988
-1.197704,5.041805
-1.306345,5.046839
-1.410773,5.032011
-1.519929,5.030914
-1.632773,5.037329
-1.734185,5.005672
-1.856017,5.028956
-1.975488,5.039181
-2.093132,5.039454
-2.741059,5.344623
-2.740702,5.089857
-2.733669,4.841660
-2.747863,4.646621
-2.769982,4.476639
-2.881015,4.453931
-3.019013,4.468164
-3.146980,4.461976
-3.279645,4.457545
-3.421688,4.460410
-3.565811,4.460134
-3.729297,4.477460
-3.354555,3.567485
-3.373057,3.446006
-3.370782,3.308294
-3.363127,3.170894
-3.360975,3.043894
-3.370063,2.931291
-3.366380,2.811535
-3.364401,2.697195
-3.373987,2.595465
-3.540878,2.612539
-3.682729,2.604787
-3.847830,2.607387
-4.022268,2.609456
-4.197395,2.604986
3.381925,-0.295827
3.248128,-0.218596
3.197327,-0.150844
3.157742,-0.085559
3.130664,-0.022027
3.117337,0.040582
3.114912,0.103068
3.105952,0.165176
3.105195,0.227647
3.109822,0.290786
3.144511,0.357781
3.185475,0.427308
3.238161,0.500661
3.358389,0.588441
0.840715,1.241696
0.776121,1.197334
0.732709,1.181619
0.689874,1.164023
0.650226,1.149059
0.628203,1.164004
0.588140,1.144078
0.562287,1.149926
0.529233,1.139692
0.505987,1.149436
0.479951,1.152418
0.454886,1.157081
0.426814,1.153071
0.406475,1.169650
0.383461,1.179167
0.357047,1.177756
0.333275,1.184387
0.311488,1.198624
0.282844,1.185588
0.268243,1.233473
0.243850,1.240623
0.221612,1.260552
0.196926,1.268837
0.176055,1.306772
0.154092,1.347422
0.127656,1.356832
0.103324,1.398407
0.077607,1.443762
0.051735,1.536962
-1.101355,5.822367
-1.103205,5.252980
-1.164549,5.040390
-1.277298,5.063209
-1.379087,5.038472
-1.492303,5.051996
-1.600543,5.043839
-1.712195,5.042572
-1.828724,5.050747
-1.936362,5.030605
-2.064584,5.058674
-2.734547,5.413971
-2.736497,5.158134
-2.737670,4.919480
-2.742301,4.703231
-2.731469,4.475898
-2.857035,4.477255
-2.975086,4.462317
-3.112098,4.470874
-3.254023,4.480393
-3.386329,4.471189
-3.535982,4.479224
-3.671167,4.463442
-3.364445,3.479932
-3.363324,3.342000
-3.351970,3.199707
-3.363020,3.083750
-3.354535,2.954360
-3.367237,2.847705
-3.360871,2.728625
-3.353790,2.613070
-3.491857,2.609818
-3.658200,2.621461
-3.799827,2.609236
-3.985495,2.620718
-4.135855,2.602306
-4.335995,2.608337
3.428059,-0.321210
3.270043,-0.240375
3.206550,-0.171125
3.160829,-0.105173
3.119387,-0.041214
3.119482,0.021346
3.119770,0.083940
3.108108,0.146043
3.098907,0.207964
3.089961,0.269701
3.137890,0.337410
3.173143,0.405708
3.228091,0.478716
3.314592,0.559701
0.863951,1.259193
0.797340,1.213589
0.745603,1.186001
0.711940,1.184516
0.669447,1.166161
0.622362,1.136329
0.595352,1.140727
0.570385,1.148472
0.536126,1.136125
0.514266,1.148944
0.483266,1.140477
0.460183,1.149662
0.430322,1.140868
0.411837,1.161883
0.387838,1.168056
0.367507,1.185830
0.343319,1.191799
0.320852,1.204083
0.295899,1.207250
0.269963,1.205478
0.250246,1.232863
0.227575,1.249194
0.207329,1.283562
0.183128,1.298614
0.158312,1.312485
0.136704,1.362696
0.112287,1.401810
0.086738,1.446910
0.060421,1.516582
-1.090039,5.963916
-1.086072,5.335048
-1.132573,5.043863
-1.241788,5.053805
-1.343948,5.031835
-1.462597,5.066380
-1.566325,5.043847
-1.684013,5.062072
-1.789996,5.040851
-1.903253,5.037092
-2.022533,5.044440
-2.712067,5.452838
-2.730056,5.223638
-2.729191,4.976290
-2.719546,4.731137
-2.728622,4.533993
-2.815321,4.472515
-2.950469,4.485121
-3.070925,4.470343
-3.213088,4.482024
-3.350662,4.481332
-3.482502,4.467915
-3.632263,4.472134
-3.348357,3.506376
-3.359308,3.379456
-3.358420,3.245722
-3.356032,3.115727
-3.353429,2.990370
-3.350293,2.869044
-3.339327,2.745507
-3.364625,2.655057
-3.463929,2.622427
-3.620765,2.628632
-3.754547,2.612417
-3.914848,2.609014
-4.112265,2.623024
-4.280846,2.611298
3.304352,-0.263405
3.237001,-0.192802
3.182849,-0.125595
3.143628,-0.060949
3.114722,0.002096
3.122924,0.064736
3.095518,0.126292
3.090991,0.188258
3.114617,0.252486
3.134355,0.317469
3.142460,0.382088
3.204130,0.454968
3.271089,0.531596
0.886696,1.275400
0.815011,1.223946
0.756898,1.187622
0.711333,1.167126
0.673161,1.156053
0.634467,1.141648
0.602561,1.137358
0.580795,1.151523
0.547782,1.142494
0.524003,1.151582
0.489659,1.135999
0.476284,1.168919
0.443573,1.154350
0.417617,1.155487
0.398227,1.175051
0.373724,1.180086
0.350429,1.188830
0.329779,1.207560
0.301861,1.199494
0.285019,1.236862
0.258603,1.234894
0.238013,1.262240
0.212078,1.263326
0.189750,1.287996
0.166504,1.312228
0.140889,1.322211
0.118952,1.378081
0.094695,1.431576
0.068372,1.485445
0.042583,1.641234
-1.089427,5.525838
-1.099503,5.041914
-1.205731,5.041196
-1.314459,5.046319
-1.423009,5.045986
-1.531588,5.041613
-1.644153,5.046034
-1.757304,5.047405
-1.872468,5.049684
-1.989137,5.051205
-2.727718,5.298661
-2.721483,5.035706
-2.724774,4.808668
-2.709832,4.566351
-2.768698,4.459296
-2.906154,4.477734
-3.037907,4.481315
-3.152392,4.455165
-3.299951,4.470772
-3.440628,4.470880
-3.591099,4.477706
-3.362993,3.565515
-3.348927,3.410895
-3.360103,3.287718
-3.349715,3.148580
-3.362784,3.036174
-3.358949,2.912605
-3.350711,2.789740
-3.349246,2.676647
-3.422154,2.624195
-3.563855,2.621061
-3.715085,2.619146
-3.877383,2.618760
-4.062804,2.626925
-4.241876,2.623605
3.343487,-0.287313
3.261113,-0.214446
3.180677,-0.145180
3.152552,-0.080594
3.121596,-0.017179
3.110225,0.045257
3.089715,0.106961
3.092745,0.169219
3.097105,0.231831
3.136484,0.298124
3.138105,0.361913
3.191448,0.433086
3.255152,0.508400
3.395422,0.600286
0.958489,1.360662
0.828005,1.226974
0.767974,1.188746
0.726901,1.176268
0.679901,1.151217
0.646393,1.146372
0.614413,1.142631
0.587378,1.146920
0.546933,1.122884
0.536015,1.158936
0.495868,1.131139
0.480679,1.159176
0.456069,1.165331
0.426104,1.156586
0.398233,1.151624
0.378364,1.169586
0.358500,1.189101
0.340400,1.216857
0.308704,1.195447
0.287366,1.212764
0.264140,1.223632
0.242144,1.242003
0.221280,1.270071
0.196097,1.276400
0.172327,1.294083
0.149887,1.328698
0.125301,1.353993
0.102563,1.417656
0.076214,1.459596
0.050014,1.556703
-1.089075,5.709593
-1.088232,5.142562
-1.175088,5.050679
-1.280940,5.045103
-1.390661,5.050394
-1.499710,5.048577
-1.612471,5.054586
-1.722335,5.047091
-1.831776,5.035064
-1.955911,5.058216
-2.063012,5.032813
-2.716358,5.357577
-2.722671,5.113133
-2.724324,4.877886
-2.720650,4.649757
-2.749567,4.490083
-2.866979,4.477661
-2.996669,4.479812
-3.123954,4.473289
-3.265208,4.481344
-3.399632,4.474483
-3.538774,4.468685
-3.686663,4.468317
-3.360073,3.606756
-3.366398,3.471287
-3.349380,3.317959
-3.347003,3.185193
-3.346861,3.059511
-3.364854,2.954302
-3.364371,2.836468
-3.351577,2.712578
-3.390002,2.632945
-3.531657,2.631152
-3.667580,2.619705
-3.823964,2.617196
-3.994571,2.617922
-4.184141,2.623759
3.407060,-0.313972
3.245273,-0.233548
3.199740,-0.165858
3.191427,-0.101300
3.139305,-0.036654
3.121704,0.026141
3.100754,0.088178
3.111165,0.150964
3.110296,0.213510
3.108589,0.276129
3.162918,0.345010
3.182446,0.411862
3.238863,0.485380
3.339887,0.569229
0.843931,1.234060
0.791741,1.209093
0.726190,1.159064
0.701498,1.171210
0.664034,1.160849
0.630238,1.154905
0.599441,1.152867
0.568362,1.148806
0.535252,1.138793
0.512294,1.149264
0.480177,1.138040
0.465261,1.167521
0.432819,1.152828
0.409368,1.160580
0.387636,1.173450
0.364092,1.181209
0.339712,1.186110
0.316774,1.196133
0.295299,1.212826
0.275642,1.239757
0.252402,1.253348
0.226693,1.255224
0.202140,1.263706
0.181470,1.301322
0.158805,1.333762
0.132470,1.341147
0.110480,1.406333
0.085284,1.460083
0.058316,1.522296
-1.075945,5.836222
-1.073984,5.234594
-1.140629,5.043556
-1.250730,5.056841
-1.359541,5.059141
-1.465601,5.047675
-1.580681,5.062634
-1.682453,5.031635
-1.801654,5.049137
-1.918550,5.054164
-2.032503,5.046884
-2.714937,5.437750
-2.713613,5.172823
-2.711158,4.925487
-2.713870,4.704541
-2.703928,4.477407
-2.825707,4.473810
-2.951280,4.471436
-3.082587,4.472595
-3.230008,4.491027
-3.367601,4.489643
-3.473547,4.442406
-3.648144,4.477636
-3.341215,3.488174
-3.341180,3.350961
-3.338899,3.216975
-3.349687,3.100265
-3.342012,2.971007
-3.333576,2.845898
-3.343255,2.740167
-3.346678,2.632566
-3.490287,2.633985
-3.623190,2.621925
-3.792970,2.630533
-3.972372,2.638579
-4.113380,2.614884
-4.320229,2.626241
3.338662,-0.260997
3.224388,-0.187092
3.192546,-0.121071
3.141287,-0.056087
3.100540,0.006821
3.116188,0.069377
3.108593,0.131614
3.114833,0.194502
3.106970,0.256653
3.125890,0.321451
3.145168,0.387316
3.185008,0.457229
3.252282,0.533660
3.395364,0.627297
0.914882,1.320250
0.800929,1.206805
0.753335,1.186042
0.715804,1.178517
0.667167,1.149796
0.627273,1.132792
0.604046,1.144406
0.575527,1.145436
0.547922,1.147285
0.521850,1.151528
0.485811,1.131840
0.467026,1.151239
0.441272,1.153642
0.417225,1.159956
0.390826,1.159038
0.369582,1.173254
0.347245,1.184739
0.327076,1.204919
0.303600,1.214250
0.277773,1.213913
0.256065,1.232182
0.232526,1.243606
0.210284,1.264508
0.185769,1.274528
0.166007,1.324523
0.139997,1.333186
0.116258,1.371434
0.091942,1.423068
0.067425,1.515389
-1.062034,5.343716
-1.114618,5.073873
-1.211024,5.029230
-1.322169,5.044163
-1.429815,5.040541
-1.541066,5.045058
-1.655617,5.054885
-1.763620,5.040605
-1.872464,5.026065
-1.987486,5.024409
-2.703922,5.232674
-2.748690,5.067519
-2.742142,4.822085
-2.737553,4.596974
-2.779130,4.460833
-2.904957,4.460917
-3.030307,4.455384
-3.164859,4.458277
-3.295535,4.450508
-3.467040,4.490946
-3.616974,4.495819
-3.732239,4.453232
-3.375337,3.567628
-3.390815,3.442986
-3.368649,3.286001
-3.368522,3.156552
-3.366136,3.029854
-3.365532,2.909281
-3.371232,2.798089
-3.367432,2.682748
-3.392821,2.593469
-3.596455,2.636545
-3.697799,2.598475
-3.851063,2.592404
-4.019360,2.590102
-4.198916,2.588149
3.345489,-0.282328
3.261901,-0.209487
3.196980,-0.141010
3.149008,-0.075674
3.117978,-0.012383
3.097811,0.049824
3.112100,0.112507
3.112786,0.175097
3.103963,0.237130
3.098995,0.299362
3.151279,0.368322
3.168286,0.434881
3.246651,0.512172
3.350172,0.597582
0.836565,1.243762
0.765207,1.188459
0.722335,1.172896
0.686749,1.166890
0.651333,1.159284
0.615601,1.149050
0.578636,1.134128
0.551310,1.136298
0.531935,1.154762
0.496254,1.136754
0.476904,1.155065
0.450081,1.155252
0.421471,1.149440
0.403108,1.171527
0.378987,1.177672
0.354872,1.183615
0.326810,1.175205
0.307736,1.199297
0.287010,1.219600
0.261820,1.221943
0.237709,1.229270
0.214095,1.240076
0.195065,1.282765
0.170544,1.295866
0.148075,1.330953
0.124478,1.367923
0.099621,1.406871
0.073625,1.452805
0.047554,1.554483
-1.103113,5.735422
-1.098359,5.151457
-1.180747,5.040005
-1.288197,5.041221
-1.395837,5.039000
-1.501448,5.026215
-1.616601,5.040815
-1.731009,5.047225
-1.841530,5.037879
-1.956139,5.035822
-2.080207,5.052645
-2.736586,5.377024
-2.738392,5.123724
-2.724943,4.861475
-2.731967,4.652740
-2.748373,4.472751
-2.871810,4.470101
-2.992103,4.458159
-3.122270,4.456342
-3.273004,4.477625
-3.405903,4.468508
-3.539734,4.455850
-3.685520,4.453016
-3.349335,3.584234
-3.375347,3.469860
-3.346777,3.305216
-3.364303,3.191846
-3.363572,3.065356
-3.357983,2.939171
-3.368957,2.831498
-3.370575,2.719426
-3.369179,2.608501
-3.523761,2.616875
-3.670777,2.613513
-3.820677,2.606364
-3.985870,2.603480
-4.170638,2.606385
-4.344012,2.595082
3.358188,-0.304275
3.307012,-0.232889
3.240658,-0.163000
3.155964,-0.095343
3.130960,-0.031762
3.108595,0.030809
3.100396,0.092918
3.108249,0.155597
3.109186,0.218225
3.114192,0.281429
3.153100,0.348828
3.176022,0.415990
3.242932,0.491081
3.370146,0.579689
0.832635,1.221566
0.794252,1.216984
0.740030,1.185177
0.691472,1.158500
0.646518,1.134259
0.624781,1.149089
0.600180,1.158623
0.561597,1.139526
0.530242,1.132630
0.509567,1.147876
0.485786,1.156289
0.460640,1.161095
0.431839,1.155587
0.411551,1.172490
0.384935,1.171312
0.362221,1.181562
0.338752,1.189643
0.313877,1.192582
0.294360,1.217076
0.272094,1.232705
0.245791,1.230268
0.223593,1.249021
0.201830,1.274251
0.179010,1.298189
0.155936,1.327020
0.132601,1.363844
0.108317,1.406379
0.082691,1.453976
0.056767,1.543662
-1.072545,5.768229
-1.073294,5.190769
-1.155099,5.071320
-1.260077,5.061343
-1.358852,5.025918
-1.475823,5.053966
-1.585801,5.051809
-1.694848,5.043004
-1.804792,5.033530
-1.928438,5.056828
-2.043989,5.053088
-2.703642,5.394452
-2.704477,5.136279
-2.706162,4.898605
-2.749185,4.748950
-2.714837,4.479943
-2.851588,4.499490
-2.979531,4.499239
-3.104681,4.489935
-3.242427,4.493751
-3.373538,4.483197
-3.516449,4.483111
-3.663170,4.482064
-3.355819,3.635911
-3.352708,3.489450
-3.353671,3.353194
-3.334629,3.203040
-3.352587,3.093427
-3.349989,2.968904
-3.357744,2.857659
-3.350874,2.737851
-3.355072,2.630858
-3.509666,2.640176
-3.647850,2.631269
-3.798978,2.626090
-3.974828,2.631438
-4.150713,2.629716
-4.322955,2.618840
3.427136,-0.331873
3.335019,-0.255565
3.201706,-0.180863
3.181572,-0.115782
3.143671,-0.051306
3.111499,0.011616
3.102815,0.073823
3.093643,0.135731
3.098553,0.198262
3.109705,0.261675
3.129803,0.326697
3.170399,0.395356
3.236569,0.469693
3.294097,0.545699
0.864585,1.251761
0.799068,1.208009
0.744602,1.176272
0.720266,1.189976
0.674944,1.167311
0.627675,1.137618
0.599076,1.139218
0.569034,1.136855
0.547421,1.150768
0.507535,1.124517
0.490532,1.147688
0.464689,1.150531
0.442123,1.161199
0.418154,1.168165
0.388426,1.157771
0.372370,1.188440
0.344608,1.182453
0.320511,1.187938
0.305739,1.230815
0.280141,1.232945
0.255651,1.239721
0.233474,1.259354
0.207937,1.262357
0.183996,1.276083
0.165156,1.334314
0.139497,1.348293
0.114680,1.377885
0.089811,1.424040
0.065269,1.519270
-1.074186,5.982412
-1.072030,5.351092
-1.117649,5.050724
-1.221698,5.039652
-1.334738,5.060453
-1.438227,5.040693
-1.552859,5.055956
-1.663048,5.051428
-1.772418,5.040945
-1.893451,5.058685
-1.997597,5.027483
-2.700462,5.206408
-2.700388,4.960319
